Workbook

Sheet Sheet1
A1: Category ID | B1: Field ID | C1: Description | D1: Code | E1: Diseases | F1: DataType | G1: Types | H1: Type2
A2: 2401 | B2: 130000 | C2: Date A00 first reported (cholera) | D2: A00 | E2: cholera | F2: Date | G2: Bacterial infections | H2: =VLOOKUP(A2,Sheet2!A:B,2,FALSE) -> Certain infectious and parasitic diseases
A3: 2401 | B3: 130001 | C3: Source of report of A00 (cholera) | D3: A00 | E3: cholera | F3: Source | G3: Bacterial infections | H3: =VLOOKUP(A3,Sheet2!A:B,2,FALSE) -> Certain infectious and parasitic diseases
A4: 2401 | B4: 130002 | C4: Date A01 first reported (typhoid and paratyphoid fevers) | D4: A01 | E4: typhoid and paratyphoid fevers | F4: Date | G4: Bacterial infections | H4: =VLOOKUP(A4,Sheet2!A:B,2,FALSE) -> Certain infectious and parasitic diseases
A5: 2401 | B5: 130003 | C5: Source of report of A01 (typhoid and paratyphoid fevers) | D5: A01 | E5: typhoid and paratyphoid fevers | F5: Source | G5: Bacterial infections | H5: =VLOOKUP(A5,Sheet2!A:B,2,FALSE) -> Certain infectious and parasitic diseases
A6: 2401 | B6: 130004 | C6: Date A02 first reported (other salmonella infections) | D6: A02 | E6: other salmonella infections | F6: Date | G6: Bacterial infections | H6: =VLOOKUP(A6,Sheet2!A:B,2,FALSE) -> Certain infectious and parasitic diseases
A7: 2401 | B7: 130005 | C7: Source of report of A02 (other salmonella infections) | D7: A02 | E7: other salmonella infections | F7: Source | G7: Bacterial infections | H7: =VLOOKUP(A7,Sheet2!A:B,2,FALSE) -> Certain infectious and parasitic diseases
A8: 2401 | B8: 130006 | C8: Date A03 first reported (shigellosis) | D8: A03 | E8: shigellosis | F8: Date | G8: Bacterial infections | H8: =VLOOKUP(A8,Sheet2!A:B,2,FALSE) -> Certain infectious and parasitic diseases
A9: 2401 | B9: 130007 | C9: Source of report of A03 (shigellosis) | D9: A03 | E9: shigellosis | F9: Source | G9: Bacterial infections | H9: =VLOOKUP(A9,Sheet2!A:B,2,FALSE) -> Certain infectious and parasitic diseases
A10: 2401 | B10: 130008 | C10: Date A04 first reported (other bacterial intestinal infections) | D10: A04 | E10: other bacterial intestinal infections | F10: Date | G10: Bacterial infections | H10: =VLOOKUP(A10,Sheet2!A:B,2,FALSE) -> Certain infectious and parasitic diseases
A11: 2401 | B11: 130009 | C11: Source of report of A04 (other bacterial intestinal infections) | D11: A04 | E11: other bacterial intestinal infections | F11: Source | G11: Bacterial infections | H11: =VLOOKUP(A11,Sheet2!A:B,2,FALSE) -> Certain infectious and parasitic diseases
A12: 2401 | B12: 130010 | C12: Date A05 first reported (other bacterial foodborne intoxications) | D12: A05 | E12: other bacterial foodborne intoxications | F12: Date | G12: Bacterial infections | H12: =VLOOKUP(A12,Sheet2!A:B,2,FALSE) -> Certain infectious and parasitic diseases
A13: 2401 | B13: 130011 | C13: Source of report of A05 (other bacterial foodborne intoxications) | D13: A05 | E13: other bacterial foodborne intoxications | F13: Source | G13: Bacterial infections | H13: =VLOOKUP(A13,Sheet2!A:B,2,FALSE) -> Certain infectious and parasitic diseases
... A227: 2401 | B227: 130225 | C227: Source of report of B34 (viral infection of unspecified site) | D227: B34 | E227: viral infection of unspecified site | F227: Source | G227: Viral infections | H227: =VLOOKUP(A227,Sheet2!A:B,2,FALSE) -> Certain infectious and parasitic diseases
A228: 2401 | B228: 130226 | C228: Date B35 first reported (dermatophytosis) | D228: B35 | E228: dermatophytosis | F228: Date | H228: =VLOOKUP(A228,Sheet2!A:B,2,FALSE) -> Certain infectious and parasitic diseases
A229: 2401 | B229: 130227 | C229: Source of report of B35 (dermatophytosis) | D229: B35 | E229: dermatophytosis | F229: Source | H229: =VLOOKUP(A229,Sheet2!A:B,2,FALSE) -> Certain infectious and parasitic diseases
A230: 2401 | B230: 130228 | C230: Date B36 first reported (other superficial mycoses) | D230: B36 | E230: other superficial mycoses | F230: Date | H230: =VLOOKUP(A230,Sheet2!A:B,2,FALSE) -> Certain infectious and parasitic diseases
A231: 2401 | B231: 130229 | C231: Source of report of B36 (other superficial mycoses) | D231: B36 | E231: other superficial mycoses | F231: Source | H231: =VLOOKUP(A231,Sheet2!A:B,2,FALSE) -> Certain infectious and parasitic diseases
A232: 2401 | B232: 130230 | C232: Date B37 first reported (candidiasis) | D232: B37 | E232: candidiasis | F232: Date | H232: =VLOOKUP(A232,Sheet2!A:B,2,FALSE) -> Certain infectious and parasitic diseases
A233: 2401 | B233: 130231 | C233: Source of report of B37 (candidiasis) | D233: B37 | E233: candidiasis | F233: Source | H233: =VLOOKUP(A233,Sheet2!A:B,2,FALSE) -> Certain infectious and parasitic diseases
A234: 2401 | B234: 130232 | C234: Date B38 first reported (coccidioidomycosis) | D234: B38 | E234: coccidioidomycosis | F234: Date | H234: =VLOOKUP(A234,Sheet2!A:B,2,FALSE) -> Certain infectious and parasitic diseases
A235: 2401 | B235: 130233 | C235: Source of report of B38 (coccidioidomycosis) | D235: B38 | E235: coccidioidomycosis | F235: Source | H235: =VLOOKUP(A235,Sheet2!A:B,2,FALSE) -> Certain infectious and parasitic diseases
A236: 2401 | B236: 130234 | C236: Date B39 first reported (histoplasmosis) | D236: B39 | E236: histoplasmosis | F236: Date | H236: =VLOOKUP(A236,Sheet2!A:B,2,FALSE) -> Certain infectious and parasitic diseases
A237: 2401 | B237: 130235 | C237: Source of report of B39 (histoplasmosis) | D237: B39 | E237: histoplasmosis | F237: Source | H237: =VLOOKUP(A237,Sheet2!A:B,2,FALSE) -> Certain infectious and parasitic diseases
A238: 2401 | B238: 130236 | C238: Date B40 first reported (blastomycosis) | D238: B40 | E238: blastomycosis | F238: Date | H238: =VLOOKUP(A238,Sheet2!A:B,2,FALSE) -> Certain infectious and parasitic diseases
A239: 2401 | B239: 130237 | C239: Source of report of B40 (blastomycosis) | D239: B40 | E239: blastomycosis | F239: Source | H239: =VLOOKUP(A239,Sheet2!A:B,2,FALSE) -> Certain infectious and parasitic diseases
... A347: 2401 | B347: 130345 | C347: Source of report of B99 (other and unspecified infectious diseases) | D347: B99 | E347: other and unspecified infectious diseases | F347: Source | H347: =VLOOKUP(A347,Sheet2!A:B,2,FALSE) -> Certain infectious and parasitic diseases
A348: 2403 | B348: 130622 | C348: Date D50 first reported (iron deficiency anaemia) | D348: D50 | E348: iron deficiency anaemia | F348: Date | G348: Anemia | H348: =VLOOKUP(A348,Sheet2!A:B,2,FALSE) -> Blood, blood-forming organs and certain immune disorders
A349: 2403 | B349: 130623 | C349: Source of report of D50 (iron deficiency anaemia) | D349: D50 | E349: iron deficiency anaemia | F349: Source | G349: Anemia | H349: =VLOOKUP(A349,Sheet2!A:B,2,FALSE) -> Blood, blood-forming organs and certain immune disorders
A350: 2403 | B350: 130624 | C350: Date D51 first reported (vitamin b12 deficiency anaemia) | D350: D51 | E350: vitamin b12 deficiency anaemia | F350: Date | G350: Anemia | H350: =VLOOKUP(A350,Sheet2!A:B,2,FALSE) -> Blood, blood-forming organs and certain immune disorders
A351: 2403 | B351: 130625 | C351: Source of report of D51 (vitamin b12 deficiency anaemia) | D351: D51 | E351: vitamin b12 deficiency anaemia | F351: Source | G351: Anemia | H351: =VLOOKUP(A351,Sheet2!A:B,2,FALSE) -> Blood, blood-forming organs and certain immune disorders
A352: 2403 | B352: 130626 | C352: Date D52 first reported (folate deficiency anaemia) | D352: D52 | E352: folate deficiency anaemia | F352: Date | G352: Anemia | H352: =VLOOKUP(A352,Sheet2!A:B,2,FALSE) -> Blood, blood-forming organs and certain immune disorders
A353: 2403 | B353: 130627 | C353: Source of report of D52 (folate deficiency anaemia) | D353: D52 | E353: folate deficiency anaemia | F353: Source | G353: Anemia | H353: =VLOOKUP(A353,Sheet2!A:B,2,FALSE) -> Blood, blood-forming organs and certain immune disorders
A354: 2403 | B354: 130628 | C354: Date D53 first reported (other nutritional anaemias) | D354: D53 | E354: other nutritional anaemias | F354: Date | G354: Anemia | H354: =VLOOKUP(A354,Sheet2!A:B,2,FALSE) -> Blood, blood-forming organs and certain immune disorders
A355: 2403 | B355: 130629 | C355: Source of report of D53 (other nutritional anaemias) | D355: D53 | E355: other nutritional anaemias | F355: Source | G355: Anemia | H355: =VLOOKUP(A355,Sheet2!A:B,2,FALSE) -> Blood, blood-forming organs and certain immune disorders
A356: 2403 | B356: 130630 | C356: Date D55 first reported (anaemia due to enzyme disorders) | D356: D55 | E356: anaemia due to enzyme disorders | F356: Date | G356: Anemia | H356: =VLOOKUP(A356,Sheet2!A:B,2,FALSE) -> Blood, blood-forming organs and certain immune disorders
A357: 2403 | B357: 130631 | C357: Source of report of D55 (anaemia due to enzyme disorders) | D357: D55 | E357: anaemia due to enzyme disorders | F357: Source | G357: Anemia | H357: =VLOOKUP(A357,Sheet2!A:B,2,FALSE) -> Blood, blood-forming organs and certain immune disorders
A358: 2403 | B358: 130632 | C358: Date D56 first reported (thalassaemia) | D358: D56 | E358: thalassaemia | F358: Date | G358: Anemia | H358: =VLOOKUP(A358,Sheet2!A:B,2,FALSE) -> Blood, blood-forming organs and certain immune disorders
A359: 2403 | B359: 130633 | C359: Source of report of D56 (thalassaemia) | D359: D56 | E359: thalassaemia | F359: Source | G359: Anemia | H359: =VLOOKUP(A359,Sheet2!A:B,2,FALSE) -> Blood, blood-forming organs and certain immune disorders
... A375: 2403 | B375: 130649 | C375: Source of report of D64 (other anaemias) | D375: D64 | E375: other anaemias | F375: Source | G375: Anemia | H375: =VLOOKUP(A375,Sheet2!A:B,2,FALSE) -> Blood, blood-forming organs and certain immune disorders
A376: 2403 | B376: 130650 | C376: Date D65 first reported (disseminated intravascular coagulation [defibrination syndrome]) | D376: D65 | E376: disseminated intravascular coagulation [defibrination syndrome] | F376: Date | H376: =VLOOKUP(A376,Sheet2!A:B,2,FALSE) -> Blood, blood-forming organs and certain immune disorders
A377: 2403 | B377: 130651 | C377: Source of report of D65 (disseminated intravascular coagulation [defibrination syndrome]) | D377: D65 | E377: disseminated intravascular coagulation [defibrination syndrome] | F377: Source | H377: =VLOOKUP(A377,Sheet2!A:B,2,FALSE) -> Blood, blood-forming organs and certain immune disorders
A378: 2403 | B378: 130652 | C378: Date D66 first reported (hereditary factor viii deficiency) | D378: D66 | E378: hereditary factor viii deficiency | F378: Date | H378: =VLOOKUP(A378,Sheet2!A:B,2,FALSE) -> Blood, blood-forming organs and certain immune disorders
A379: 2403 | B379: 130653 | C379: Source of report of D66 (hereditary factor viii deficiency) | D379: D66 | E379: hereditary factor viii deficiency | F379: Source | H379: =VLOOKUP(A379,Sheet2!A:B,2,FALSE) -> Blood, blood-forming organs and certain immune disorders
A380: 2403 | B380: 130654 | C380: Date D67 first reported (hereditary factor ix deficiency) | D380: D67 | E380: hereditary factor ix deficiency | F380: Date | H380: =VLOOKUP(A380,Sheet2!A:B,2,FALSE) -> Blood, blood-forming organs and certain immune disorders
A381: 2403 | B381: 130655 | C381: Source of report of D67 (hereditary factor ix deficiency) | D381: D67 | E381: hereditary factor ix deficiency | F381: Source | H381: =VLOOKUP(A381,Sheet2!A:B,2,FALSE) -> Blood, blood-forming organs and certain immune disorders
A382: 2403 | B382: 130656 | C382: Date D68 first reported (other coagulation defects) | D382: D68 | E382: other coagulation defects | F382: Date | H382: =VLOOKUP(A382,Sheet2!A:B,2,FALSE) -> Blood, blood-forming organs and certain immune disorders
A383: 2403 | B383: 130657 | C383: Source of report of D68 (other coagulation defects) | D383: D68 | E383: other coagulation defects | F383: Source | H383: =VLOOKUP(A383,Sheet2!A:B,2,FALSE) -> Blood, blood-forming organs and certain immune disorders
A384: 2403 | B384: 130658 | C384: Date D69 first reported (purpura and other haemorrhagic conditions) | D384: D69 | E384: purpura and other haemorrhagic conditions | F384: Date | H384: =VLOOKUP(A384,Sheet2!A:B,2,FALSE) -> Blood, blood-forming organs and certain immune disorders
A385: 2403 | B385: 130659 | C385: Source of report of D69 (purpura and other haemorrhagic conditions) | D385: D69 | E385: purpura and other haemorrhagic conditions | F385: Source | H385: =VLOOKUP(A385,Sheet2!A:B,2,FALSE) -> Blood, blood-forming organs and certain immune disorders
A386: 2403 | B386: 130660 | C386: Date D70 first reported (agranulocytosis) | D386: D70 | E386: agranulocytosis | F386: Date | H386: =VLOOKUP(A386,Sheet2!A:B,2,FALSE) -> Blood, blood-forming organs and certain immune disorders
A387: 2403 | B387: 130661 | C387: Source of report of D70 (agranulocytosis) | D387: D70 | E387: agranulocytosis | F387: Source | H387: =VLOOKUP(A387,Sheet2!A:B,2,FALSE) -> Blood, blood-forming organs and certain immune disorders
... A431: 2404 | B431: 130705 | C431: Source of report of E07 (other disorders of thyroid) | D431: E07 | E431: other disorders of thyroid | F431: Source | H431: =VLOOKUP(A431,Sheet2!A:B,2,FALSE) -> Endocrine, nutritional and metabolic diseases
A432: 2404 | B432: 130706 | C432: Date E10 first reported (insulin-dependent diabetes mellitus) | D432: E10 | E432: insulin-dependent diabetes mellitus | F432: Date | G432: Diabetes | H432: =VLOOKUP(A432,Sheet2!A:B,2,FALSE) -> Endocrine, nutritional and metabolic diseases
A433: 2404 | B433: 130707 | C433: Source of report of E10 (insulin-dependent diabetes mellitus) | D433: E10 | E433: insulin-dependent diabetes mellitus | F433: Source | G433: Diabetes | H433: =VLOOKUP(A433,Sheet2!A:B,2,FALSE) -> Endocrine, nutritional and metabolic diseases
A434: 2404 | B434: 130708 | C434: Date E11 first reported (non-insulin-dependent diabetes mellitus) | D434: E11 | E434: non-insulin-dependent diabetes mellitus | F434: Date | G434: Diabetes | H434: =VLOOKUP(A434,Sheet2!A:B,2,FALSE) -> Endocrine, nutritional and metabolic diseases
A435: 2404 | B435: 130709 | C435: Source of report of E11 (non-insulin-dependent diabetes mellitus) | D435: E11 | E435: non-insulin-dependent diabetes mellitus | F435: Source | G435: Diabetes | H435: =VLOOKUP(A435,Sheet2!A:B,2,FALSE) -> Endocrine, nutritional and metabolic diseases
A436: 2404 | B436: 130710 | C436: Date E12 first reported (malnutrition-related diabetes mellitus) | D436: E12 | E436: malnutrition-related diabetes mellitus | F436: Date | G436: Diabetes | H436: =VLOOKUP(A436,Sheet2!A:B,2,FALSE) -> Endocrine, nutritional and metabolic diseases
A437: 2404 | B437: 130711 | C437: Source of report of E12 (malnutrition-related diabetes mellitus) | D437: E12 | E437: malnutrition-related diabetes mellitus | F437: Source | G437: Diabetes | H437: =VLOOKUP(A437,Sheet2!A:B,2,FALSE) -> Endocrine, nutritional and metabolic diseases
A438: 2404 | B438: 130712 | C438: Date E13 first reported (other specified diabetes mellitus) | D438: E13 | E438: other specified diabetes mellitus | F438: Date | G438: Diabetes | H438: =VLOOKUP(A438,Sheet2!A:B,2,FALSE) -> Endocrine, nutritional and metabolic diseases
A439: 2404 | B439: 130713 | C439: Source of report of E13 (other specified diabetes mellitus) | D439: E13 | E439: other specified diabetes mellitus | F439: Source | G439: Diabetes | H439: =VLOOKUP(A439,Sheet2!A:B,2,FALSE) -> Endocrine, nutritional and metabolic diseases
A440: 2404 | B440: 130714 | C440: Date E14 first reported (unspecified diabetes mellitus) | D440: E14 | E440: unspecified diabetes mellitus | F440: Date | G440: Diabetes | H440: =VLOOKUP(A440,Sheet2!A:B,2,FALSE) -> Endocrine, nutritional and metabolic diseases
A441: 2404 | B441: 130715 | C441: Source of report of E14 (unspecified diabetes mellitus) | D441: E14 | E441: unspecified diabetes mellitus | F441: Source | G441: Diabetes | H441: =VLOOKUP(A441,Sheet2!A:B,2,FALSE) -> Endocrine, nutritional and metabolic diseases
A442: 2404 | B442: 130716 | C442: Date E15 first reported (nondiabetic hypoglycaemic coma) | D442: E15 | E442: nondiabetic hypoglycaemic coma | F442: Date | H442: =VLOOKUP(A442,Sheet2!A:B,2,FALSE) -> Endocrine, nutritional and metabolic diseases
A443: 2404 | B443: 130717 | C443: Source of report of E15 (nondiabetic hypoglycaemic coma) | D443: E15 | E443: nondiabetic hypoglycaemic coma | F443: Source | H443: =VLOOKUP(A443,Sheet2!A:B,2,FALSE) -> Endocrine, nutritional and metabolic diseases
A444: 2404 | B444: 130718 | C444: Date E16 first reported (other disorders of pancreatic internal secretion) | D444: E16 | E444: other disorders of pancreatic internal secretion | F444: Date | H444: =VLOOKUP(A444,Sheet2!A:B,2,FALSE) -> Endocrine, nutritional and metabolic diseases
A445: 2404 | B445: 130719 | C445: Source of report of E16 (other disorders of pancreatic internal secretion) | D445: E16 | E445: other disorders of pancreatic internal secretion | F445: Source | H445: =VLOOKUP(A445,Sheet2!A:B,2,FALSE) -> Endocrine, nutritional and metabolic diseases
A446: 2404 | B446: 130720 | C446: Date E20 first reported (hypoparathyroidism) | D446: E20 | E446: hypoparathyroidism | F446: Date | H446: =VLOOKUP(A446,Sheet2!A:B,2,FALSE) -> Endocrine, nutritional and metabolic diseases
A447: 2404 | B447: 130721 | C447: Source of report of E20 (hypoparathyroidism) | D447: E20 | E447: hypoparathyroidism | F447: Source | H447: =VLOOKUP(A447,Sheet2!A:B,2,FALSE) -> Endocrine, nutritional and metabolic diseases
A448: 2404 | B448: 130722 | C448: Date E21 first reported (hyperparathyroidism and other disorders of parathyroid gland) | D448: E21 | E448: hyperparathyroidism and other disorders of parathyroid gland | F448: Date | H448: =VLOOKUP(A448,Sheet2!A:B,2,FALSE) -> Endocrine, nutritional and metabolic diseases
A449: 2404 | B449: 130723 | C449: Source of report of E21 (hyperparathyroidism and other disorders of parathyroid gland) | D449: E21 | E449: hyperparathyroidism and other disorders of parathyroid gland | F449: Source | H449: =VLOOKUP(A449,Sheet2!A:B,2,FALSE) -> Endocrine, nutritional and metabolic diseases
A450: 2404 | B450: 130724 | C450: Date E22 first reported (hyperfunction of pituitary gland) | D450: E22 | E450: hyperfunction of pituitary gland | F450: Date | H450: =VLOOKUP(A450,Sheet2!A:B,2,FALSE) -> Endocrine, nutritional and metabolic diseases
A451: 2404 | B451: 130725 | C451: Source of report of E22 (hyperfunction of pituitary gland) | D451: E22 | E451: hyperfunction of pituitary gland | F451: Source | H451: =VLOOKUP(A451,Sheet2!A:B,2,FALSE) -> Endocrine, nutritional and metabolic diseases
A452: 2404 | B452: 130726 | C452: Date E23 first reported (hypofunction and other disorders of pituitary gland) | D452: E23 | E452: hypofunction and other disorders of pituitary gland | F452: Date | H452: =VLOOKUP(A452,Sheet2!A:B,2,FALSE) -> Endocrine, nutritional and metabolic diseases
A453: 2404 | B453: 130727 | C453: Source of report of E23 (hypofunction and other disorders of pituitary gland) | D453: E23 | E453: hypofunction and other disorders of pituitary gland | F453: Source | H453: =VLOOKUP(A453,Sheet2!A:B,2,FALSE) -> Endocrine, nutritional and metabolic diseases
... A517: 2404 | B517: 130791 | C517: Source of report of E65 (localised adiposity) | D517: E65 | E517: localised adiposity | F517: Source | H517: =VLOOKUP(A517,Sheet2!A:B,2,FALSE) -> Endocrine, nutritional and metabolic diseases
A518: 2404 | B518: 130792 | C518: Date E66 first reported (obesity) | D518: E66 | E518: obesity | F518: Date | G518: Obesity | H518: =VLOOKUP(A518,Sheet2!A:B,2,FALSE) -> Endocrine, nutritional and metabolic diseases
A519: 2404 | B519: 130793 | C519: Source of report of E66 (obesity) | D519: E66 | E519: obesity | F519: Source | G519: Obesity | H519: =VLOOKUP(A519,Sheet2!A:B,2,FALSE) -> Endocrine, nutritional and metabolic diseases
A520: 2404 | B520: 130794 | C520: Date E67 first reported (other hyperalimentation) | D520: E67 | E520: other hyperalimentation | F520: Date | H520: =VLOOKUP(A520,Sheet2!A:B,2,FALSE) -> Endocrine, nutritional and metabolic diseases
A521: 2404 | B521: 130795 | C521: Source of report of E67 (other hyperalimentation) | D521: E67 | E521: other hyperalimentation | F521: Source | H521: =VLOOKUP(A521,Sheet2!A:B,2,FALSE) -> Endocrine, nutritional and metabolic diseases
A522: 2404 | B522: 130796 | C522: Date E68 first reported (sequelae of hyperalimentation) | D522: E68 | E522: sequelae of hyperalimentation | F522: Date | H522: =VLOOKUP(A522,Sheet2!A:B,2,FALSE) -> Endocrine, nutritional and metabolic diseases
A523: 2404 | B523: 130797 | C523: Source of report of E68 (sequelae of hyperalimentation) | D523: E68 | E523: sequelae of hyperalimentation | F523: Source | H523: =VLOOKUP(A523,Sheet2!A:B,2,FALSE) -> Endocrine, nutritional and metabolic diseases
A524: 2404 | B524: 130798 | C524: Date E70 first reported (disorders of aromatic amino-acid metabolism) | D524: E70 | E524: disorders of aromatic amino-acid metabolism | F524: Date | H524: =VLOOKUP(A524,Sheet2!A:B,2,FALSE) -> Endocrine, nutritional and metabolic diseases
A525: 2404 | B525: 130799 | C525: Source of report of E70 (disorders of aromatic amino-acid metabolism) | D525: E70 | E525: disorders of aromatic amino-acid metabolism | F525: Source | H525: =VLOOKUP(A525,Sheet2!A:B,2,FALSE) -> Endocrine, nutritional and metabolic diseases
A526: 2404 | B526: 130800 | C526: Date E71 first reported (disorders of branched-chain amino-acid metabolism and fatty-acid metabolism) | D526: E71 | E526: disorders of branched-chain amino-acid metabolism and fatty-acid metabolism | F526: Date | H526: =VLOOKUP(A526,Sheet2!A:B,2,FALSE) -> Endocrine, nutritional and metabolic diseases
A527: 2404 | B527: 130801 | C527: Source of report of E71 (disorders of branched-chain amino-acid metabolism and fatty-acid metabolism) | D527: E71 | E527: disorders of branched-chain amino-acid metabolism and fatty-acid metabolism | F527: Source | H527: =VLOOKUP(A527,Sheet2!A:B,2,FALSE) -> Endocrine, nutritional and metabolic diseases
A528: 2404 | B528: 130802 | C528: Date E72 first reported (other disorders of amino-acid metabolism) | D528: E72 | E528: other disorders of amino-acid metabolism | F528: Date | H528: =VLOOKUP(A528,Sheet2!A:B,2,FALSE) -> Endocrine, nutritional and metabolic diseases
A529: 2404 | B529: 130803 | C529: Source of report of E72 (other disorders of amino-acid metabolism) | D529: E72 | E529: other disorders of amino-acid metabolism | F529: Source | H529: =VLOOKUP(A529,Sheet2!A:B,2,FALSE) -> Endocrine, nutritional and metabolic diseases
A530: 2404 | B530: 130804 | C530: Date E73 first reported (lactose intolerance) | D530: E73 | E530: lactose intolerance | F530: Date | H530: =VLOOKUP(A530,Sheet2!A:B,2,FALSE) -> Endocrine, nutritional and metabolic diseases
A531: 2404 | B531: 130805 | C531: Source of report of E73 (lactose intolerance) | D531: E73 | E531: lactose intolerance | F531: Source | H531: =VLOOKUP(A531,Sheet2!A:B,2,FALSE) -> Endocrine, nutritional and metabolic diseases
... A561: 2404 | B561: 130835 | C561: Source of report of E90 (nutritional and metabolic disorders in diseases classified elsewhere) | D561: E90 | E561: nutritional and metabolic disorders in diseases classified elsewhere | F561: Source | H561: =VLOOKUP(A561,Sheet2!A:B,2,FALSE) -> Endocrine, nutritional and metabolic diseases
A562: 2405 | B562: 130836 | C562: Date F00 first reported (dementia in alzheimer's disease) | D562: F00 | E562: dementia in alzheimer's disease | F562: Date | G562: Dementia | H562: =VLOOKUP(A562,Sheet2!A:B,2,FALSE) -> Mental and behavioural disorders
A563: 2405 | B563: 130837 | C563: Source of report of F00 (dementia in alzheimer's disease) | D563: F00 | E563: dementia in alzheimer's disease | F563: Source | G563: Dementia | H563: =VLOOKUP(A563,Sheet2!A:B,2,FALSE) -> Mental and behavioural disorders
A564: 2405 | B564: 130838 | C564: Date F01 first reported (vascular dementia) | D564: F01 | E564: vascular dementia | F564: Date | G564: Dementia | H564: =VLOOKUP(A564,Sheet2!A:B,2,FALSE) -> Mental and behavioural disorders
A565: 2405 | B565: 130839 | C565: Source of report of F01 (vascular dementia) | D565: F01 | E565: vascular dementia | F565: Source | G565: Dementia | H565: =VLOOKUP(A565,Sheet2!A:B,2,FALSE) -> Mental and behavioural disorders
A566: 2405 | B566: 130840 | C566: Date F02 first reported (dementia in other diseases classified elsewhere) | D566: F02 | E566: dementia in other diseases classified elsewhere | F566: Date | G566: Dementia | H566: =VLOOKUP(A566,Sheet2!A:B,2,FALSE) -> Mental and behavioural disorders
A567: 2405 | B567: 130841 | C567: Source of report of F02 (dementia in other diseases classified elsewhere) | D567: F02 | E567: dementia in other diseases classified elsewhere | F567: Source | G567: Dementia | H567: =VLOOKUP(A567,Sheet2!A:B,2,FALSE) -> Mental and behavioural disorders
A568: 2405 | B568: 130842 | C568: Date F03 first reported (unspecified dementia) | D568: F03 | E568: unspecified dementia | F568: Date | G568: Dementia | H568: =VLOOKUP(A568,Sheet2!A:B,2,FALSE) -> Mental and behavioural disorders
A569: 2405 | B569: 130843 | C569: Source of report of F03 (unspecified dementia) | D569: F03 | E569: unspecified dementia | F569: Source | G569: Dementia | H569: =VLOOKUP(A569,Sheet2!A:B,2,FALSE) -> Mental and behavioural disorders
A570: 2405 | B570: 130844 | C570: Date F04 first reported (organic amnesic syndrome, not induced by alcohol and other psychoactive substances) | D570: F04 | E570: organic amnesic syndrome, not induced by alcohol and other psychoactive substances | F570: Date | H570: =VLOOKUP(A570,Sheet2!A:B,2,FALSE) -> Mental and behavioural disorders
...

Sheet Sheet4
A1: Coding | B1: Meaning
A2: 20 | B2: Death register only
A3: 21 | B3: Death register and other source(s)
A4: 30 | B4: Primary care only
A5: 31 | B5: Primary care and other source(s)
A6: 40 | B6: Hospital admissions data only
A7: 41 | B7: Hospital admissions data and other source(s)
A8: 50 | B8: Self-report only
A9: 51 | B9: Self-report and other source(s)

Sheet Sheet3
A1: Field ID | B1: Description
A2: 40021 | B2: Cancer record origin
A3: 40019 | B3: Cancer record format
A4: 40009 | B4: Reported occurrences of cancer
A5: 40005 | B5: Date of cancer diagnosis
A6: 40008 | B6: Age at cancer diagnosis
A7: 40006 | B7: Type of cancer: ICD10
A8: 40013 | B8: Type of cancer: ICD9
A9: 40011 | B9: Histology of cancer tumour
A10: 40012 | B10: Behaviour of cancer tumour

Sheet Sheet2
A1: Category ID | B1: Description | C1: Items
A2: 2401 | B2: Certain infectious and parasitic diseases | C2: 346
A3: 2403 | B3: Blood, blood-forming organs and certain immune disorders | C3: 68
A4: 2404 | B4: Endocrine, nutritional and metabolic diseases | C4: 146
A5: 2405 | B5: Mental and behavioural disorders | C5: 156
A6: 2406 | B6: Nervous system disorders | C6: 136
A7: 2407 | B7: Eye and adnexa disorders | C7: 94
A8: 2408 | B8: Ear and mastoid process disorders | C8: 48
A9: 2409 | B9: Circulatory system disorders | C9: 154
A10: 2410 | B10: Respiratory system disorders | C10: 128
A11: 2411 | B11: Digestive system disorders | C11: 144
A12: 2412 | B12: Skin and subcutaneous tissue disorders | C12: 144
A13: 2413 | B13: Musculoskeletal system and connective tissue disorders | C13: 158
... A17: 2417 | B17: Congenital disruptions and chromosomal abnormalities | C17: 174
